"continent","LifeExpMean"
"Africa",48.8653301282051
"Americas",64.6587366666667
"Asia",60.0649032323232
"Europe",71.9036861111111
"Oceania",74.3262083333333
